{
  "r2": 0.42843149787909673,
  "rmse": 40623.19518415969,
  "mae": 30846.594738114072
}