{
  "r2": 0.4228188398710787,
  "rmse": 39812.68498370402,
  "mae": 30479.197479702532
}