{
  "LinearRegression_model": {
    "rmse": 953282147036.3721,
    "mae": 14083751758.430809,
    "r2": -330911706300436.1
  },
  "Ridge_model": {
    "rmse": 33156.160515996846,
    "mae": 24232.30746292661,
    "r2": 0.5996888575837898
  },
  "Lasso_model": {
    "rmse": 33164.096700891765,
    "mae": 24235.336490748625,
    "r2": 0.5994971994783094
  },
  "RandomForestRegressor_model": {
    "rmse": 15800.2764136324,
    "mae": 6181.133402423189,
    "r2": 0.9090927372986145
  },
  "XGBRegressor_model": {
    "rmse": 18456.879729111097,
    "mae": 9704.942054278516,
    "r2": 0.875953139815924
  }
}